scenario	run_id	cycle_num	ground_truth_verdict
S1_CPU_STRESS	1	1	ANOMALY_CONFIRMED
S1_CPU_STRESS	1	2	ANOMALY_CONFIRMED
S1_CPU_STRESS	1	3	ANOMALY_CONFIRMED
S1_CPU_STRESS	1	4	ANOMALY_CONFIRMED
S1_CPU_STRESS	1	5	ANOMALY_CONFIRMED
S1_CPU_STRESS	1	6	ANOMALY_CONFIRMED
S1_CPU_STRESS	1	7	ANOMALY_CONFIRMED
S1_CPU_STRESS	1	8	ANOMALY_CONFIRMED
S1_CPU_STRESS	1	9	ANOMALY_CONFIRMED
S1_CPU_STRESS	1	10	ANOMALY_CONFIRMED
S1_CPU_STRESS	1	11	ANOMALY_CONFIRMED
S1_CPU_STRESS	1	12	ANOMALY_CONFIRMED
S1_CPU_STRESS	2	1	ANOMALY_CONFIRMED
S1_CPU_STRESS	2	2	ANOMALY_CONFIRMED
S1_CPU_STRESS	2	3	ANOMALY_CONFIRMED
S1_CPU_STRESS	2	4	ANOMALY_CONFIRMED
S1_CPU_STRESS	2	5	ANOMALY_CONFIRMED
S1_CPU_STRESS	2	6	ANOMALY_CONFIRMED
S1_CPU_STRESS	2	7	ANOMALY_CONFIRMED
S1_CPU_STRESS	2	8	ANOMALY_CONFIRMED
S1_CPU_STRESS	2	9	ANOMALY_CONFIRMED
S1_CPU_STRESS	2	10	ANOMALY_CONFIRMED
S1_CPU_STRESS	2	11	ANOMALY_CONFIRMED
S1_CPU_STRESS	2	12	ANOMALY_CONFIRMED
S1_CPU_STRESS	3	1	ANOMALY_CONFIRMED
S1_CPU_STRESS	3	2	ANOMALY_CONFIRMED
S1_CPU_STRESS	3	3	ANOMALY_CONFIRMED
S1_CPU_STRESS	3	4	ANOMALY_CONFIRMED
S1_CPU_STRESS	3	5	ANOMALY_CONFIRMED
S1_CPU_STRESS	3	6	ANOMALY_CONFIRMED
S1_CPU_STRESS	3	7	ANOMALY_CONFIRMED
S1_CPU_STRESS	3	8	ANOMALY_CONFIRMED
S1_CPU_STRESS	3	9	ANOMALY_CONFIRMED
S1_CPU_STRESS	3	10	ANOMALY_CONFIRMED
S1_CPU_STRESS	3	11	ANOMALY_CONFIRMED
S1_CPU_STRESS	3	12	ANOMALY_CONFIRMED
S1_CPU_STRESS	4	1	ANOMALY_CONFIRMED
S1_CPU_STRESS	4	2	ANOMALY_CONFIRMED
S1_CPU_STRESS	4	3	ANOMALY_CONFIRMED
S1_CPU_STRESS	4	4	ANOMALY_CONFIRMED
S1_CPU_STRESS	4	5	ANOMALY_CONFIRMED
S1_CPU_STRESS	4	6	ANOMALY_CONFIRMED
S1_CPU_STRESS	4	7	ANOMALY_CONFIRMED
S1_CPU_STRESS	4	8	ANOMALY_CONFIRMED
S1_CPU_STRESS	4	9	ANOMALY_CONFIRMED
S1_CPU_STRESS	4	10	ANOMALY_CONFIRMED
S1_CPU_STRESS	4	11	ANOMALY_CONFIRMED
S1_CPU_STRESS	4	12	ANOMALY_CONFIRMED
S1_CPU_STRESS	5	1	ANOMALY_CONFIRMED
S1_CPU_STRESS	5	2	ANOMALY_CONFIRMED
S1_CPU_STRESS	5	3	ANOMALY_CONFIRMED
S1_CPU_STRESS	5	4	ANOMALY_CONFIRMED
S1_CPU_STRESS	5	5	ANOMALY_CONFIRMED
S1_CPU_STRESS	5	6	ANOMALY_CONFIRMED
S1_CPU_STRESS	5	7	ANOMALY_CONFIRMED
S1_CPU_STRESS	5	8	ANOMALY_CONFIRMED
S1_CPU_STRESS	5	9	ANOMALY_CONFIRMED
S1_CPU_STRESS	5	10	ANOMALY_CONFIRMED
S1_CPU_STRESS	5	11	ANOMALY_CONFIRMED
S1_CPU_STRESS	5	12	ANOMALY_CONFIRMED
S2_POD_CRASH	1	1	ANOMALY_CONFIRMED
S2_POD_CRASH	1	2	ANOMALY_CONFIRMED
S2_POD_CRASH	1	3	NORMAL
S2_POD_CRASH	1	4	NORMAL
S2_POD_CRASH	1	5	NORMAL
S2_POD_CRASH	1	6	NORMAL
S2_POD_CRASH	1	7	NORMAL
S2_POD_CRASH	1	8	NORMAL
S2_POD_CRASH	1	9	NORMAL
S2_POD_CRASH	1	10	NORMAL
S2_POD_CRASH	1	11	NORMAL
S2_POD_CRASH	1	12	NORMAL
S2_POD_CRASH	2	1	NORMAL
S2_POD_CRASH	2	2	ANOMALY_CONFIRMED
S2_POD_CRASH	2	3	ANOMALY_CONFIRMED
S2_POD_CRASH	2	4	NORMAL
S2_POD_CRASH	2	5	NORMAL
S2_POD_CRASH	2	6	NORMAL
S2_POD_CRASH	2	7	NORMAL
S2_POD_CRASH	2	8	NORMAL
S2_POD_CRASH	2	9	NORMAL
S2_POD_CRASH	2	10	NORMAL
S2_POD_CRASH	2	11	NORMAL
S2_POD_CRASH	2	12	NORMAL
S2_POD_CRASH	3	1	NORMAL
S2_POD_CRASH	3	2	ANOMALY_CONFIRMED
S2_POD_CRASH	3	3	ANOMALY_CONFIRMED
S2_POD_CRASH	3	4	NORMAL
S2_POD_CRASH	3	5	NORMAL
S2_POD_CRASH	3	6	NORMAL
S2_POD_CRASH	3	7	NORMAL
S2_POD_CRASH	3	8	NORMAL
S2_POD_CRASH	3	9	NORMAL
S2_POD_CRASH	3	10	NORMAL
S2_POD_CRASH	3	11	NORMAL
S2_POD_CRASH	3	12	NORMAL
S2_POD_CRASH	4	1	ANOMALY_CONFIRMED
S2_POD_CRASH	4	2	ANOMALY_CONFIRMED
S2_POD_CRASH	4	3	NORMAL
S2_POD_CRASH	4	4	NORMAL
S2_POD_CRASH	4	5	NORMAL
S2_POD_CRASH	4	6	NORMAL
S2_POD_CRASH	4	7	NORMAL
S2_POD_CRASH	4	8	NORMAL
S2_POD_CRASH	4	9	NORMAL
S2_POD_CRASH	4	10	NORMAL
S2_POD_CRASH	4	11	NORMAL
S2_POD_CRASH	4	12	NORMAL
S2_POD_CRASH	5	1	ANOMALY_CONFIRMED
S2_POD_CRASH	5	2	ANOMALY_CONFIRMED
S2_POD_CRASH	5	3	NORMAL
S2_POD_CRASH	5	4	NORMAL
S2_POD_CRASH	5	5	NORMAL
S2_POD_CRASH	5	6	NORMAL
S2_POD_CRASH	5	7	NORMAL
S2_POD_CRASH	5	8	NORMAL
S2_POD_CRASH	5	9	NORMAL
S2_POD_CRASH	5	10	NORMAL
S2_POD_CRASH	5	11	NORMAL
S2_POD_CRASH	5	12	NORMAL
S3_MEMORY_PRESSURE	1	1	ANOMALY_CONFIRMED
S3_MEMORY_PRESSURE	1	2	ANOMALY_CONFIRMED
S3_MEMORY_PRESSURE	1	3	ANOMALY_CONFIRMED
S3_MEMORY_PRESSURE	1	4	ANOMALY_CONFIRMED
S3_MEMORY_PRESSURE	1	5	ANOMALY_CONFIRMED
S3_MEMORY_PRESSURE	1	6	ANOMALY_CONFIRMED
S3_MEMORY_PRESSURE	2	1	ANOMALY_CONFIRMED
S3_MEMORY_PRESSURE	2	2	ANOMALY_CONFIRMED
S3_MEMORY_PRESSURE	2	3	ANOMALY_CONFIRMED
S3_MEMORY_PRESSURE	2	4	ANOMALY_CONFIRMED
S3_MEMORY_PRESSURE	2	5	ANOMALY_CONFIRMED
S3_MEMORY_PRESSURE	2	6	ANOMALY_CONFIRMED
S3_MEMORY_PRESSURE	3	1	ANOMALY_CONFIRMED
S3_MEMORY_PRESSURE	3	2	ANOMALY_CONFIRMED
S3_MEMORY_PRESSURE	3	3	ANOMALY_CONFIRMED
S3_MEMORY_PRESSURE	3	4	ANOMALY_CONFIRMED
S3_MEMORY_PRESSURE	3	5	ANOMALY_CONFIRMED
S3_MEMORY_PRESSURE	3	6	ANOMALY_CONFIRMED
S3_MEMORY_PRESSURE	4	1	ANOMALY_CONFIRMED
S3_MEMORY_PRESSURE	4	2	ANOMALY_CONFIRMED
S3_MEMORY_PRESSURE	4	3	ANOMALY_CONFIRMED
S3_MEMORY_PRESSURE	4	4	ANOMALY_CONFIRMED
S3_MEMORY_PRESSURE	4	5	ANOMALY_CONFIRMED
S3_MEMORY_PRESSURE	4	6	ANOMALY_CONFIRMED
S3_MEMORY_PRESSURE	5	1	ANOMALY_CONFIRMED
S3_MEMORY_PRESSURE	5	2	ANOMALY_CONFIRMED
S3_MEMORY_PRESSURE	5	3	ANOMALY_CONFIRMED
S3_MEMORY_PRESSURE	5	4	ANOMALY_CONFIRMED
S3_MEMORY_PRESSURE	5	5	ANOMALY_CONFIRMED
S3_MEMORY_PRESSURE	5	6	ANOMALY_CONFIRMED
S4_NETWORK_LATENCY	1	1	ANOMALY_CONFIRMED
S4_NETWORK_LATENCY	1	2	ANOMALY_CONFIRMED
S4_NETWORK_LATENCY	1	3	ANOMALY_CONFIRMED
S4_NETWORK_LATENCY	1	4	ANOMALY_CONFIRMED
S4_NETWORK_LATENCY	1	5	ANOMALY_CONFIRMED
S4_NETWORK_LATENCY	1	6	ANOMALY_CONFIRMED
S4_NETWORK_LATENCY	1	7	ANOMALY_CONFIRMED
S4_NETWORK_LATENCY	1	8	ANOMALY_CONFIRMED
S4_NETWORK_LATENCY	1	9	ANOMALY_CONFIRMED
S4_NETWORK_LATENCY	1	10	ANOMALY_CONFIRMED
S4_NETWORK_LATENCY	1	11	ANOMALY_CONFIRMED
S4_NETWORK_LATENCY	1	12	ANOMALY_CONFIRMED
S4_NETWORK_LATENCY	2	1	ANOMALY_CONFIRMED
S4_NETWORK_LATENCY	2	2	ANOMALY_CONFIRMED
S4_NETWORK_LATENCY	2	3	ANOMALY_CONFIRMED
S4_NETWORK_LATENCY	2	4	ANOMALY_CONFIRMED
S4_NETWORK_LATENCY	2	5	ANOMALY_CONFIRMED
S4_NETWORK_LATENCY	2	6	ANOMALY_CONFIRMED
S4_NETWORK_LATENCY	2	7	ANOMALY_CONFIRMED
S4_NETWORK_LATENCY	2	8	ANOMALY_CONFIRMED
S4_NETWORK_LATENCY	2	9	ANOMALY_CONFIRMED
S4_NETWORK_LATENCY	2	10	ANOMALY_CONFIRMED
S4_NETWORK_LATENCY	2	11	ANOMALY_CONFIRMED
S4_NETWORK_LATENCY	2	12	ANOMALY_CONFIRMED
S4_NETWORK_LATENCY	3	1	ANOMALY_CONFIRMED
S4_NETWORK_LATENCY	3	2	ANOMALY_CONFIRMED
S4_NETWORK_LATENCY	3	3	ANOMALY_CONFIRMED
S4_NETWORK_LATENCY	3	4	ANOMALY_CONFIRMED
S4_NETWORK_LATENCY	3	5	ANOMALY_CONFIRMED
S4_NETWORK_LATENCY	3	6	ANOMALY_CONFIRMED
S4_NETWORK_LATENCY	3	7	ANOMALY_CONFIRMED
S4_NETWORK_LATENCY	3	8	ANOMALY_CONFIRMED
S4_NETWORK_LATENCY	3	9	ANOMALY_CONFIRMED
S4_NETWORK_LATENCY	3	10	ANOMALY_CONFIRMED
S4_NETWORK_LATENCY	3	11	ANOMALY_CONFIRMED
S4_NETWORK_LATENCY	3	12	ANOMALY_CONFIRMED
S4_NETWORK_LATENCY	4	1	ANOMALY_CONFIRMED
S4_NETWORK_LATENCY	4	2	ANOMALY_CONFIRMED
S4_NETWORK_LATENCY	4	3	ANOMALY_CONFIRMED
S4_NETWORK_LATENCY	4	4	ANOMALY_CONFIRMED
S4_NETWORK_LATENCY	4	5	ANOMALY_CONFIRMED
S4_NETWORK_LATENCY	4	6	ANOMALY_CONFIRMED
S4_NETWORK_LATENCY	4	7	ANOMALY_CONFIRMED
S4_NETWORK_LATENCY	4	8	ANOMALY_CONFIRMED
S4_NETWORK_LATENCY	4	9	ANOMALY_CONFIRMED
S4_NETWORK_LATENCY	4	10	ANOMALY_CONFIRMED
S4_NETWORK_LATENCY	4	11	ANOMALY_CONFIRMED
S4_NETWORK_LATENCY	4	12	ANOMALY_CONFIRMED
S4_NETWORK_LATENCY	5	1	ANOMALY_CONFIRMED
S4_NETWORK_LATENCY	5	2	ANOMALY_CONFIRMED
S4_NETWORK_LATENCY	5	3	ANOMALY_CONFIRMED
S4_NETWORK_LATENCY	5	4	ANOMALY_CONFIRMED
S4_NETWORK_LATENCY	5	5	ANOMALY_CONFIRMED
S4_NETWORK_LATENCY	5	6	ANOMALY_CONFIRMED
S4_NETWORK_LATENCY	5	7	ANOMALY_CONFIRMED
S4_NETWORK_LATENCY	5	8	ANOMALY_CONFIRMED
S4_NETWORK_LATENCY	5	9	ANOMALY_CONFIRMED
S4_NETWORK_LATENCY	5	10	ANOMALY_CONFIRMED
S4_NETWORK_LATENCY	5	11	ANOMALY_CONFIRMED
S4_NETWORK_LATENCY	5	12	ANOMALY_CONFIRMED
S5_CASCADING_FAILURE	1	1	ANOMALY_CONFIRMED
S5_CASCADING_FAILURE	1	2	ANOMALY_CONFIRMED
S5_CASCADING_FAILURE	1	3	NORMAL
S5_CASCADING_FAILURE	1	4	NORMAL
S5_CASCADING_FAILURE	1	5	NORMAL
S5_CASCADING_FAILURE	1	6	NORMAL
S5_CASCADING_FAILURE	1	7	NORMAL
S5_CASCADING_FAILURE	1	8	NORMAL
S5_CASCADING_FAILURE	1	9	NORMAL
S5_CASCADING_FAILURE	1	10	NORMAL
S5_CASCADING_FAILURE	1	11	NORMAL
S5_CASCADING_FAILURE	1	12	NORMAL
S5_CASCADING_FAILURE	2	1	NORMAL
S5_CASCADING_FAILURE	2	2	NORMAL
S5_CASCADING_FAILURE	2	3	NORMAL
S5_CASCADING_FAILURE	2	4	NORMAL
S5_CASCADING_FAILURE	2	5	ANOMALY_CONFIRMED
S5_CASCADING_FAILURE	2	6	ANOMALY_CONFIRMED
S5_CASCADING_FAILURE	2	7	NORMAL
S5_CASCADING_FAILURE	2	8	NORMAL
S5_CASCADING_FAILURE	2	9	NORMAL
S5_CASCADING_FAILURE	2	10	NORMAL
S5_CASCADING_FAILURE	2	11	NORMAL
S5_CASCADING_FAILURE	2	12	NORMAL
S5_CASCADING_FAILURE	3	1	ANOMALY_CONFIRMED
S5_CASCADING_FAILURE	3	2	ANOMALY_CONFIRMED
S5_CASCADING_FAILURE	3	3	NORMAL
S5_CASCADING_FAILURE	3	4	NORMAL
S5_CASCADING_FAILURE	3	5	ANOMALY_CONFIRMED
S5_CASCADING_FAILURE	3	6	NORMAL
S5_CASCADING_FAILURE	3	7	NORMAL
S5_CASCADING_FAILURE	3	8	NORMAL
S5_CASCADING_FAILURE	3	9	NORMAL
S5_CASCADING_FAILURE	3	10	NORMAL
S5_CASCADING_FAILURE	3	11	NORMAL
S5_CASCADING_FAILURE	3	12	NORMAL
S5_CASCADING_FAILURE	4	1	ANOMALY_CONFIRMED
S5_CASCADING_FAILURE	4	2	ANOMALY_CONFIRMED
S5_CASCADING_FAILURE	4	3	NORMAL
S5_CASCADING_FAILURE	4	4	NORMAL
S5_CASCADING_FAILURE	4	5	NORMAL
S5_CASCADING_FAILURE	4	6	NORMAL
S5_CASCADING_FAILURE	4	7	NORMAL
S5_CASCADING_FAILURE	4	8	NORMAL
S5_CASCADING_FAILURE	4	9	NORMAL
S5_CASCADING_FAILURE	4	10	NORMAL
S5_CASCADING_FAILURE	4	11	NORMAL
S5_CASCADING_FAILURE	4	12	NORMAL
S5_CASCADING_FAILURE	5	1	ANOMALY_CONFIRMED
S5_CASCADING_FAILURE	5	2	NORMAL
S5_CASCADING_FAILURE	5	3	NORMAL
S5_CASCADING_FAILURE	5	4	NORMAL
S5_CASCADING_FAILURE	5	5	NORMAL
S5_CASCADING_FAILURE	5	6	NORMAL
S5_CASCADING_FAILURE	5	7	NORMAL
S5_CASCADING_FAILURE	5	8	NORMAL
S5_CASCADING_FAILURE	5	9	NORMAL
S5_CASCADING_FAILURE	5	10	NORMAL
S5_CASCADING_FAILURE	5	11	NORMAL
S5_CASCADING_FAILURE	5	12	NORMAL
S6_NOISY_BASELINE	1	1	NORMAL
S6_NOISY_BASELINE	1	2	NORMAL
S6_NOISY_BASELINE	1	3	NORMAL
S6_NOISY_BASELINE	1	4	NORMAL
S6_NOISY_BASELINE	1	5	NORMAL
S6_NOISY_BASELINE	1	6	NORMAL
S6_NOISY_BASELINE	1	7	NORMAL
S6_NOISY_BASELINE	1	8	NORMAL
S6_NOISY_BASELINE	1	9	NORMAL
S6_NOISY_BASELINE	1	10	NORMAL
S6_NOISY_BASELINE	1	11	NORMAL
S6_NOISY_BASELINE	1	12	NORMAL
S6_NOISY_BASELINE	2	1	NORMAL
S6_NOISY_BASELINE	2	2	NORMAL
S6_NOISY_BASELINE	2	3	NORMAL
S6_NOISY_BASELINE	2	4	NORMAL
S6_NOISY_BASELINE	2	5	NORMAL
S6_NOISY_BASELINE	2	6	NORMAL
S6_NOISY_BASELINE	2	7	NORMAL
S6_NOISY_BASELINE	2	8	NORMAL
S6_NOISY_BASELINE	2	9	NORMAL
S6_NOISY_BASELINE	2	10	NORMAL
S6_NOISY_BASELINE	2	11	NORMAL
S6_NOISY_BASELINE	2	12	NORMAL
S6_NOISY_BASELINE	3	1	NORMAL
S6_NOISY_BASELINE	3	2	NORMAL
S6_NOISY_BASELINE	3	3	NORMAL
S6_NOISY_BASELINE	3	4	NORMAL
S6_NOISY_BASELINE	3	5	NORMAL
S6_NOISY_BASELINE	3	6	NORMAL
S6_NOISY_BASELINE	3	7	NORMAL
S6_NOISY_BASELINE	3	8	NORMAL
S6_NOISY_BASELINE	3	9	NORMAL
S6_NOISY_BASELINE	3	10	NORMAL
S6_NOISY_BASELINE	3	11	NORMAL
S6_NOISY_BASELINE	3	12	NORMAL
S6_NOISY_BASELINE	4	1	NORMAL
S6_NOISY_BASELINE	4	2	NORMAL
S6_NOISY_BASELINE	4	3	NORMAL
S6_NOISY_BASELINE	4	4	NORMAL
S6_NOISY_BASELINE	4	5	NORMAL
S6_NOISY_BASELINE	4	6	NORMAL
S6_NOISY_BASELINE	4	7	NORMAL
S6_NOISY_BASELINE	4	8	NORMAL
S6_NOISY_BASELINE	4	9	NORMAL
S6_NOISY_BASELINE	4	10	NORMAL
S6_NOISY_BASELINE	4	11	NORMAL
S6_NOISY_BASELINE	4	12	NORMAL
S6_NOISY_BASELINE	5	1	NORMAL
S6_NOISY_BASELINE	5	2	NORMAL
S6_NOISY_BASELINE	5	3	NORMAL
S6_NOISY_BASELINE	5	4	NORMAL
S6_NOISY_BASELINE	5	5	NORMAL
S6_NOISY_BASELINE	5	6	NORMAL
S6_NOISY_BASELINE	5	7	NORMAL
S6_NOISY_BASELINE	5	8	NORMAL
S6_NOISY_BASELINE	5	9	NORMAL
S6_NOISY_BASELINE	5	10	NORMAL
S6_NOISY_BASELINE	5	11	NORMAL
S6_NOISY_BASELINE	5	12	NORMAL
