scenario	run_id	cycle_num	pred
S1_CPU_STRESS	1	1	1
S1_CPU_STRESS	1	2	1
S1_CPU_STRESS	1	3	1
S1_CPU_STRESS	1	4	1
S1_CPU_STRESS	1	5	1
S1_CPU_STRESS	1	6	1
S1_CPU_STRESS	1	7	1
S1_CPU_STRESS	1	8	1
S1_CPU_STRESS	1	9	1
S1_CPU_STRESS	1	10	1
S1_CPU_STRESS	1	11	1
S1_CPU_STRESS	1	12	1
S1_CPU_STRESS	2	1	1
S1_CPU_STRESS	2	2	1
S1_CPU_STRESS	2	3	1
S1_CPU_STRESS	2	4	1
S1_CPU_STRESS	2	5	1
S1_CPU_STRESS	2	6	1
S1_CPU_STRESS	2	7	0
S1_CPU_STRESS	2	8	1
S1_CPU_STRESS	2	9	1
S1_CPU_STRESS	2	10	1
S1_CPU_STRESS	2	11	1
S1_CPU_STRESS	2	12	1
S1_CPU_STRESS	3	1	1
S1_CPU_STRESS	3	2	1
S1_CPU_STRESS	3	3	1
S1_CPU_STRESS	3	4	1
S1_CPU_STRESS	3	5	1
S1_CPU_STRESS	3	6	1
S1_CPU_STRESS	3	7	1
S1_CPU_STRESS	3	8	1
S1_CPU_STRESS	3	9	1
S1_CPU_STRESS	3	10	1
S1_CPU_STRESS	3	11	1
S1_CPU_STRESS	3	12	1
S1_CPU_STRESS	4	1	0
S1_CPU_STRESS	4	2	1
S1_CPU_STRESS	4	3	1
S1_CPU_STRESS	4	4	1
S1_CPU_STRESS	4	5	1
S1_CPU_STRESS	4	6	1
S1_CPU_STRESS	4	7	1
S1_CPU_STRESS	4	8	1
S1_CPU_STRESS	4	9	1
S1_CPU_STRESS	4	10	1
S1_CPU_STRESS	4	11	1
S1_CPU_STRESS	4	12	1
S1_CPU_STRESS	5	1	1
S1_CPU_STRESS	5	2	1
S1_CPU_STRESS	5	3	1
S1_CPU_STRESS	5	4	1
S1_CPU_STRESS	5	5	1
S1_CPU_STRESS	5	6	1
S1_CPU_STRESS	5	7	1
S1_CPU_STRESS	5	8	1
S1_CPU_STRESS	5	9	1
S1_CPU_STRESS	5	10	1
S1_CPU_STRESS	5	11	1
S1_CPU_STRESS	5	12	1
S3_MEMORY_PRESSURE	1	1	1
S3_MEMORY_PRESSURE	1	2	1
S3_MEMORY_PRESSURE	1	3	1
S3_MEMORY_PRESSURE	1	4	1
S3_MEMORY_PRESSURE	1	5	1
S3_MEMORY_PRESSURE	1	6	1
S3_MEMORY_PRESSURE	2	1	1
S3_MEMORY_PRESSURE	2	2	1
S3_MEMORY_PRESSURE	2	3	1
S3_MEMORY_PRESSURE	2	4	1
S3_MEMORY_PRESSURE	2	5	1
S3_MEMORY_PRESSURE	2	6	1
S3_MEMORY_PRESSURE	3	1	0
S3_MEMORY_PRESSURE	3	2	1
S3_MEMORY_PRESSURE	3	3	1
S3_MEMORY_PRESSURE	3	4	1
S3_MEMORY_PRESSURE	3	5	1
S3_MEMORY_PRESSURE	3	6	1
S3_MEMORY_PRESSURE	4	1	1
S3_MEMORY_PRESSURE	4	2	1
S3_MEMORY_PRESSURE	4	3	1
S3_MEMORY_PRESSURE	4	4	1
S3_MEMORY_PRESSURE	4	5	1
S3_MEMORY_PRESSURE	4	6	1
S3_MEMORY_PRESSURE	5	1	1
S3_MEMORY_PRESSURE	5	2	1
S3_MEMORY_PRESSURE	5	3	1
S3_MEMORY_PRESSURE	5	4	1
S3_MEMORY_PRESSURE	5	5	1
S3_MEMORY_PRESSURE	5	6	1
S4_NETWORK_LATENCY	1	1	1
S4_NETWORK_LATENCY	1	2	1
S4_NETWORK_LATENCY	1	3	1
S4_NETWORK_LATENCY	1	4	1
S4_NETWORK_LATENCY	1	5	1
S4_NETWORK_LATENCY	1	6	1
S4_NETWORK_LATENCY	1	7	1
S4_NETWORK_LATENCY	1	8	1
S4_NETWORK_LATENCY	1	9	1
S4_NETWORK_LATENCY	1	10	1
S4_NETWORK_LATENCY	1	11	1
S4_NETWORK_LATENCY	1	12	1
S4_NETWORK_LATENCY	2	1	1
S4_NETWORK_LATENCY	2	2	1
S4_NETWORK_LATENCY	2	3	1
S4_NETWORK_LATENCY	2	4	1
S4_NETWORK_LATENCY	2	5	1
S4_NETWORK_LATENCY	2	6	1
S4_NETWORK_LATENCY	2	7	1
S4_NETWORK_LATENCY	2	8	1
S4_NETWORK_LATENCY	2	9	1
S4_NETWORK_LATENCY	2	10	1
S4_NETWORK_LATENCY	2	11	1
S4_NETWORK_LATENCY	2	12	1
S4_NETWORK_LATENCY	3	1	1
S4_NETWORK_LATENCY	3	2	1
S4_NETWORK_LATENCY	3	3	1
S4_NETWORK_LATENCY	3	4	1
S4_NETWORK_LATENCY	3	5	1
S4_NETWORK_LATENCY	3	6	1
S4_NETWORK_LATENCY	3	7	1
S4_NETWORK_LATENCY	3	8	1
S4_NETWORK_LATENCY	3	9	1
S4_NETWORK_LATENCY	3	10	1
S4_NETWORK_LATENCY	3	11	1
S4_NETWORK_LATENCY	3	12	1
S4_NETWORK_LATENCY	4	1	1
S4_NETWORK_LATENCY	4	2	1
S4_NETWORK_LATENCY	4	3	1
S4_NETWORK_LATENCY	4	4	1
S4_NETWORK_LATENCY	4	5	1
S4_NETWORK_LATENCY	4	6	1
S4_NETWORK_LATENCY	4	7	1
S4_NETWORK_LATENCY	4	8	1
S4_NETWORK_LATENCY	4	9	1
S4_NETWORK_LATENCY	4	10	1
S4_NETWORK_LATENCY	4	11	1
S4_NETWORK_LATENCY	4	12	1
S4_NETWORK_LATENCY	5	1	1
S4_NETWORK_LATENCY	5	2	1
S4_NETWORK_LATENCY	5	3	1
S4_NETWORK_LATENCY	5	4	1
S4_NETWORK_LATENCY	5	5	1
S4_NETWORK_LATENCY	5	6	1
S4_NETWORK_LATENCY	5	7	1
S4_NETWORK_LATENCY	5	8	1
S4_NETWORK_LATENCY	5	9	1
S4_NETWORK_LATENCY	5	10	1
S4_NETWORK_LATENCY	5	11	1
S4_NETWORK_LATENCY	5	12	1
S5_CASCADING_FAILURE	1	1	1
S5_CASCADING_FAILURE	1	2	1
S5_CASCADING_FAILURE	1	3	0
S5_CASCADING_FAILURE	1	4	0
S5_CASCADING_FAILURE	1	5	0
S5_CASCADING_FAILURE	1	6	0
S5_CASCADING_FAILURE	1	7	0
S5_CASCADING_FAILURE	1	8	0
S5_CASCADING_FAILURE	1	9	0
S5_CASCADING_FAILURE	1	10	0
S5_CASCADING_FAILURE	1	11	0
S5_CASCADING_FAILURE	1	12	0
S5_CASCADING_FAILURE	2	1	0
S5_CASCADING_FAILURE	2	2	0
S5_CASCADING_FAILURE	2	3	0
S5_CASCADING_FAILURE	2	4	0
S5_CASCADING_FAILURE	2	5	1
S5_CASCADING_FAILURE	2	6	1
S5_CASCADING_FAILURE	2	7	0
S5_CASCADING_FAILURE	2	8	0
S5_CASCADING_FAILURE	2	9	0
S5_CASCADING_FAILURE	2	10	0
S5_CASCADING_FAILURE	2	11	0
S5_CASCADING_FAILURE	2	12	0
S5_CASCADING_FAILURE	3	1	1
S5_CASCADING_FAILURE	3	2	1
S5_CASCADING_FAILURE	3	3	0
S5_CASCADING_FAILURE	3	4	0
S5_CASCADING_FAILURE	3	5	1
S5_CASCADING_FAILURE	3	6	0
S5_CASCADING_FAILURE	3	7	0
S5_CASCADING_FAILURE	3	8	0
S5_CASCADING_FAILURE	3	9	0
S5_CASCADING_FAILURE	3	10	0
S5_CASCADING_FAILURE	3	11	0
S5_CASCADING_FAILURE	3	12	0
S5_CASCADING_FAILURE	4	1	1
S5_CASCADING_FAILURE	4	2	1
S5_CASCADING_FAILURE	4	3	0
S5_CASCADING_FAILURE	4	4	0
S5_CASCADING_FAILURE	4	5	0
S5_CASCADING_FAILURE	4	6	0
S5_CASCADING_FAILURE	4	7	0
S5_CASCADING_FAILURE	4	8	0
S5_CASCADING_FAILURE	4	9	0
S5_CASCADING_FAILURE	4	10	0
S5_CASCADING_FAILURE	4	11	0
S5_CASCADING_FAILURE	4	12	0
S5_CASCADING_FAILURE	5	1	1
S5_CASCADING_FAILURE	5	2	0
S5_CASCADING_FAILURE	5	3	0
S5_CASCADING_FAILURE	5	4	0
S5_CASCADING_FAILURE	5	5	0
S5_CASCADING_FAILURE	5	6	0
S5_CASCADING_FAILURE	5	7	0
S5_CASCADING_FAILURE	5	8	0
S5_CASCADING_FAILURE	5	9	0
S5_CASCADING_FAILURE	5	10	0
S5_CASCADING_FAILURE	5	11	0
S5_CASCADING_FAILURE	5	12	0
S6_NOISY_BASELINE	1	1	0
S6_NOISY_BASELINE	1	2	0
S6_NOISY_BASELINE	1	3	0
S6_NOISY_BASELINE	1	4	0
S6_NOISY_BASELINE	1	5	0
S6_NOISY_BASELINE	1	6	0
S6_NOISY_BASELINE	1	7	0
S6_NOISY_BASELINE	1	8	0
S6_NOISY_BASELINE	1	9	0
S6_NOISY_BASELINE	1	10	0
S6_NOISY_BASELINE	1	11	0
S6_NOISY_BASELINE	1	12	0
S6_NOISY_BASELINE	2	1	0
S6_NOISY_BASELINE	2	2	0
S6_NOISY_BASELINE	2	3	0
S6_NOISY_BASELINE	2	4	0
S6_NOISY_BASELINE	2	5	0
S6_NOISY_BASELINE	2	6	0
S6_NOISY_BASELINE	2	7	0
S6_NOISY_BASELINE	2	8	0
S6_NOISY_BASELINE	2	9	0
S6_NOISY_BASELINE	2	10	0
S6_NOISY_BASELINE	2	11	0
S6_NOISY_BASELINE	2	12	0
S6_NOISY_BASELINE	3	1	0
S6_NOISY_BASELINE	3	2	0
S6_NOISY_BASELINE	3	3	0
S6_NOISY_BASELINE	3	4	0
S6_NOISY_BASELINE	3	5	0
S6_NOISY_BASELINE	3	6	0
S6_NOISY_BASELINE	3	7	0
S6_NOISY_BASELINE	3	8	0
S6_NOISY_BASELINE	3	9	0
S6_NOISY_BASELINE	3	10	0
S6_NOISY_BASELINE	3	11	0
S6_NOISY_BASELINE	3	12	0
S6_NOISY_BASELINE	4	1	0
S6_NOISY_BASELINE	4	2	0
S6_NOISY_BASELINE	4	3	0
S6_NOISY_BASELINE	4	4	0
S6_NOISY_BASELINE	4	5	0
S6_NOISY_BASELINE	4	6	0
S6_NOISY_BASELINE	4	7	0
S6_NOISY_BASELINE	4	8	0
S6_NOISY_BASELINE	4	9	0
S6_NOISY_BASELINE	4	10	0
S6_NOISY_BASELINE	4	11	0
S6_NOISY_BASELINE	4	12	0
S6_NOISY_BASELINE	5	1	0
S6_NOISY_BASELINE	5	2	0
S6_NOISY_BASELINE	5	3	0
S6_NOISY_BASELINE	5	4	0
S6_NOISY_BASELINE	5	5	0
S6_NOISY_BASELINE	5	6	0
S6_NOISY_BASELINE	5	7	0
S6_NOISY_BASELINE	5	8	1
S6_NOISY_BASELINE	5	9	0
S6_NOISY_BASELINE	5	10	0
S6_NOISY_BASELINE	5	11	0
S6_NOISY_BASELINE	5	12	0
